case_id,task,question,questionnaire,expected_answer,prompt,Response,Correct
case_2,answer_lookup,What is the insurance provider of JessE BaNks?,"{
  ""questions"": {
    ""Name"": ""What is your name? [Open-ended]"",
    ""Age"": ""What is your age? [Open-ended]"",
    ""Gender"": ""What is your gender? [MCQ: A. Female B. Male]"",
    ""Blood Type"": ""What is your blood type? [MCQ: A. A+ B. A- C. AB+ D. AB- E. B+ F. B- G. O+ H. O-]"",
    ""Medical Condition"": ""What is your medical condition? [MCQ: A. Arthritis B. Asthma C. Cancer D. Diabetes E. Hypertension F. Obesity]"",
    ""Date of Admission"": ""What is your date of admission? [Open-ended]"",
    ""Doctor"": ""What is your doctor? [Open-ended]"",
    ""Hospital"": ""What is your hospital? [Open-ended]"",
    ""Insurance Provider"": ""What is your insurance provider? [MCQ: A. Aetna B. Blue Cross C. Cigna D. Medicare E. UnitedHealthcare]"",
    ""Billing Amount"": ""What is your billing amount? [Open-ended]"",
    ""Room Number"": ""What is your room number? [Open-ended]"",
    ""Admission Type"": ""What is your admission type? [MCQ: A. Elective B. Emergency C. Urgent]"",
    ""Discharge Date"": ""What is your discharge date? [Open-ended]"",
    ""Medication"": ""What is your medication? [MCQ: A. Aspirin B. Ibuprofen C. Lipitor D. Paracetamol E. Penicillin]"",
    ""Test Results"": ""What is your test results? [MCQ: A. Abnormal B. Inconclusive C. Normal]""
  },
  ""responses"": [
    {
      ""respondent"": ""129"",
      ""answers"": {
        ""Name"": ""ANthONy reYEs"",
        ""Age"": ""82"",
        ""Gender"": ""B"",
        ""Blood Type"": ""C"",
        ""Medical Condition"": ""F"",
        ""Date of Admission"": ""2023-10-15"",
        ""Doctor"": ""Michael Cole"",
        ""Hospital"": ""Dudley-Atkinson"",
        ""Insurance Provider"": ""E"",
        ""Billing Amount"": ""16399"",
        ""Room Number"": ""133"",
        ""Admission Type"": ""B"",
        ""Discharge Date"": ""2023-11-08"",
        ""Medication"": ""E"",
        ""Test Results"": ""A""
      }
    },
    {
      ""respondent"": ""85"",
      ""answers"": {
        ""Name"": ""cindY OROzco"",
        ""Age"": ""26"",
        ""Gender"": ""A"",
        ""Blood Type"": ""F"",
        ""Medical Condition"": ""B"",
        ""Date of Admission"": ""2023-05-12"",
        ""Doctor"": ""Julie Finley"",
        ""Hospital"": ""Kemp LLC"",
        ""Insurance Provider"": ""D"",
        ""Billing Amount"": ""10284"",
        ""Room Number"": ""273"",
        ""Admission Type"": ""B"",
        ""Discharge Date"": ""2023-06-10"",
        ""Medication"": ""B"",
        ""Test Results"": ""A""
      }
    },
    {
      ""respondent"": ""53"",
      ""answers"": {
        ""Name"": ""JessE BaNks"",
        ""Age"": ""67"",
        ""Gender"": ""A"",
        ""Blood Type"": ""C"",
        ""Medical Condition"": ""C"",
        ""Date of Admission"": ""2022-10-29"",
        ""Doctor"": ""Alexander Garcia"",
        ""Hospital"": ""Decker Glover, and Christensen"",
        ""Insurance Provider"": ""A"",
        ""Billing Amount"": ""21880"",
        ""Room Number"": ""492"",
        ""Admission Type"": ""C"",
        ""Discharge Date"": ""2022-11-20"",
        ""Medication"": ""E"",
        ""Test Results"": ""B""
      }
    }
  ]
}",Aetna,"<example>
What is the billing amount for mRS. jamiE cAMPBELl?

DATA:

{
  ""questions"": {
    ""Name"": ""What is your name? [Open-ended]"",
    ""Age"": ""What is your age? [Open-ended]"",
    ""Gender"": ""What is your gender? [MCQ: A. Female B. Male]"",
    ""Blood Type"": ""What is your blood type? [MCQ: A. A+ B. A- C. AB+ D. AB- E. B+ F. B- G. O+ H. O-]"",
    ""Medical Condition"": ""What is your medical condition? [MCQ: A. Arthritis B. Asthma C. Cancer D. Diabetes E. Hypertension F. Obesity]"",
    ""Date of Admission"": ""What is your date of admission? [Open-ended]"",
    ""Doctor"": ""What is your doctor? [Open-ended]"",
    ""Hospital"": ""What is your hospital? [Open-ended]"",
    ""Insurance Provider"": ""What is your insurance provider? [MCQ: A. Aetna B. Blue Cross C. Cigna D. Medicare E. UnitedHealthcare]"",
    ""Billing Amount"": ""What is your billing amount? [Open-ended]"",
    ""Room Number"": ""What is your room number? [Open-ended]"",
    ""Admission Type"": ""What is your admission type? [MCQ: A. Elective B. Emergency C. Urgent]"",
    ""Discharge Date"": ""What is your discharge date? [Open-ended]"",
    ""Medication"": ""What is your medication? [MCQ: A. Aspirin B. Ibuprofen C. Lipitor D. Paracetamol E. Penicillin]"",
    ""Test Results"": ""What is your test results? [MCQ: A. Abnormal B. Inconclusive C. Normal]""
  },
  ""responses"": [
    {
      ""respondent"": ""2"",
      ""answers"": {
        ""Name"": ""LesLie TErRy"",
        ""Age"": ""62"",
        ""Gender"": ""B"",
        ""Blood Type"": ""A"",
        ""Medical Condition"": ""F"",
        ""Date of Admission"": ""2019-08-20"",
        ""Doctor"": ""Samantha Davies"",
        ""Hospital"": ""Kim Inc"",
        ""Insurance Provider"": ""D"",
        ""Billing Amount"": ""33643"",
        ""Room Number"": ""265"",
        ""Admission Type"": ""B"",
        ""Discharge Date"": ""2019-08-26"",
        ""Medication"": ""B"",
        ""Test Results"": ""B""
      }
    },
    {
      ""respondent"": ""18"",
      ""answers"": {
        ""Name"": ""mRS. jamiE cAMPBELl"",
        ""Age"": ""38"",
        ""Gender"": ""B"",
        ""Blood Type"": ""D"",
        ""Medical Condition"": ""F"",
        ""Date of Admission"": ""2020-03-08"",
        ""Doctor"": ""Justin Kim"",
        ""Hospital"": ""Torres, and Harrison Jones"",
        ""Insurance Provider"": ""C"",
        ""Billing Amount"": ""17440"",
        ""Room Number"": ""449"",
        ""Admission Type"": ""C"",
        ""Discharge Date"": ""2020-04-02"",
        ""Medication"": ""D"",
        ""Test Results"": ""A""
      }
    },
    {
      ""respondent"": ""118"",
      ""answers"": {
        ""Name"": ""TOnyA caMpbell"",
        ""Age"": ""37"",
        ""Gender"": ""A"",
        ""Blood Type"": ""E"",
        ""Medical Condition"": ""B"",
        ""Date of Admission"": ""2021-02-12"",
        ""Doctor"": ""Louis Bell"",
        ""Hospital"": ""Lane-Kelly"",
        ""Insurance Provider"": ""E"",
        ""Billing Amount"": ""25230"",
        ""Room Number"": ""326"",
        ""Admission Type"": ""A"",
        ""Discharge Date"": ""2021-03-11"",
        ""Medication"": ""B"",
        ""Test Results"": ""B""
      }
    }
  ]
}

Answer: 17440
</example>

<questionnaire>
{
  ""questions"": {
    ""Name"": ""What is your name? [Open-ended]"",
    ""Age"": ""What is your age? [Open-ended]"",
    ""Gender"": ""What is your gender? [MCQ: A. Female B. Male]"",
    ""Blood Type"": ""What is your blood type? [MCQ: A. A+ B. A- C. AB+ D. AB- E. B+ F. B- G. O+ H. O-]"",
    ""Medical Condition"": ""What is your medical condition? [MCQ: A. Arthritis B. Asthma C. Cancer D. Diabetes E. Hypertension F. Obesity]"",
    ""Date of Admission"": ""What is your date of admission? [Open-ended]"",
    ""Doctor"": ""What is your doctor? [Open-ended]"",
    ""Hospital"": ""What is your hospital? [Open-ended]"",
    ""Insurance Provider"": ""What is your insurance provider? [MCQ: A. Aetna B. Blue Cross C. Cigna D. Medicare E. UnitedHealthcare]"",
    ""Billing Amount"": ""What is your billing amount? [Open-ended]"",
    ""Room Number"": ""What is your room number? [Open-ended]"",
    ""Admission Type"": ""What is your admission type? [MCQ: A. Elective B. Emergency C. Urgent]"",
    ""Discharge Date"": ""What is your discharge date? [Open-ended]"",
    ""Medication"": ""What is your medication? [MCQ: A. Aspirin B. Ibuprofen C. Lipitor D. Paracetamol E. Penicillin]"",
    ""Test Results"": ""What is your test results? [MCQ: A. Abnormal B. Inconclusive C. Normal]""
  },
  ""responses"": [
    {
      ""respondent"": ""129"",
      ""answers"": {
        ""Name"": ""ANthONy reYEs"",
        ""Age"": ""82"",
        ""Gender"": ""B"",
        ""Blood Type"": ""C"",
        ""Medical Condition"": ""F"",
        ""Date of Admission"": ""2023-10-15"",
        ""Doctor"": ""Michael Cole"",
        ""Hospital"": ""Dudley-Atkinson"",
        ""Insurance Provider"": ""E"",
        ""Billing Amount"": ""16399"",
        ""Room Number"": ""133"",
        ""Admission Type"": ""B"",
        ""Discharge Date"": ""2023-11-08"",
        ""Medication"": ""E"",
        ""Test Results"": ""A""
      }
    },
    {
      ""respondent"": ""85"",
      ""answers"": {
        ""Name"": ""cindY OROzco"",
        ""Age"": ""26"",
        ""Gender"": ""A"",
        ""Blood Type"": ""F"",
        ""Medical Condition"": ""B"",
        ""Date of Admission"": ""2023-05-12"",
        ""Doctor"": ""Julie Finley"",
        ""Hospital"": ""Kemp LLC"",
        ""Insurance Provider"": ""D"",
        ""Billing Amount"": ""10284"",
        ""Room Number"": ""273"",
        ""Admission Type"": ""B"",
        ""Discharge Date"": ""2023-06-10"",
        ""Medication"": ""B"",
        ""Test Results"": ""A""
      }
    },
    {
      ""respondent"": ""53"",
      ""answers"": {
        ""Name"": ""JessE BaNks"",
        ""Age"": ""67"",
        ""Gender"": ""A"",
        ""Blood Type"": ""C"",
        ""Medical Condition"": ""C"",
        ""Date of Admission"": ""2022-10-29"",
        ""Doctor"": ""Alexander Garcia"",
        ""Hospital"": ""Decker Glover, and Christensen"",
        ""Insurance Provider"": ""A"",
        ""Billing Amount"": ""21880"",
        ""Room Number"": ""492"",
        ""Admission Type"": ""C"",
        ""Discharge Date"": ""2022-11-20"",
        ""Medication"": ""E"",
        ""Test Results"": ""B""
      }
    }
  ]
}
</questionnaire>

<format>
You will be given a dataset with two key parts:

A 'questions' section: This is your data dictionary or schema. It is the single source of truth for understanding what each field and score means. Refer to it carefully.

A 'responses' section: This contains the raw data from each individual respondent.

To answer the question correctly, you must first use the 'questions' schema to fully understand the context and meaning of the data points within the 'responses'. Do not rely on any prior knowledge outside of this provided data. Base your entire analysis on the information given.
</format>

<output>
Provide your final answer directly and concisely. Output must be the human-readable value, not an option code.

Rules:
- For MCQ fields, map any letter codes in the Responses (case-insensitive) to the corresponding option text from the Questions schema, and output only that text. Do NOT include the letter or both.
  Example: If the schema is ""[MCQ: A. Abnormal B. Inconclusive C. Normal]"" and the response is ""a"", output ""Abnormal"".
- For open-ended fields, output the exact text value.
- If the question asks for a count, provide only the number (e.g., ""42"").
- If the question asks for a list of names or IDs, provide a simple comma-separated list (e.g., ""17, 21, 23"").
- Preserve capitalization exactly as in the schema (e.g., output ""Abnormal"", not ""abnormal"" or ""A"").
</output>

<task>
What is the insurance provider of JessE BaNks?
</task>",Aetna,True
